{    
    "ppo_lr": 0.00011926897548624919,
    "meta_loss_coef": 0.03606579574729759,
    "es_reg_coef": 0.000231712987243348
}

